{
 "sem calibração": {
  "brier": 0.12795,
  "ece": 0.224,
  "roc_auc": 0.8064,
  "pr_auc": 0.1392,
  "prob_media": 0.2449,
  "prob_max": 0.9626,
  "curva": {
   "prob_media_bin": [
    0.0099,
    0.0166,
    0.0276,
    0.0454,
    0.0852,
    0.1532,
    0.2655,
    0.4337,
    0.6213,
    0.7916
   ],
   "freq_observada_bin": [
    0.0025,
    0.0074,
    0.0049,
    0.0025,
    0.0074,
    0.0123,
    0.0124,
    0.0221,
    0.0344,
    0.1034
   ]
  }
 },
 "calibrado (isotônica)": {
  "brier": 0.01962,
  "ece": 0.00627,
  "roc_auc": 0.8019,
  "pr_auc": 0.0991,
  "prob_media": 0.0203,
  "prob_max": 0.1872,
  "curva": {
   "prob_media_bin": [
    0.0006,
    0.001,
    0.0023,
    0.005,
    0.009,
    0.0146,
    0.021,
    0.0264,
    0.0422,
    0.0819
   ],
   "freq_observada_bin": [
    0.0056,
    0.0,
    0.0068,
    0.0,
    0.0103,
    0.0172,
    0.0073,
    0.0175,
    0.0421,
    0.1007
   ]
  }
 },
 "_prevalencia_teste": 0.02091,
 "_n_teste": 4065
}